"","Name","code","ID","Regional.group..fine.","Year.of.collection","Life.stage","Longitude","Latitude","N","Ho","Hs","Ar","Private.Ar","Fis","Region","pastTemp","FutTemp","CurTemp"
"1","Jacques Cartier","QC-JC",1,"St. Lawerence North Shore (upper)","2004","adults",-70.75,46.75,50,0.831,0.853,"8.15/11.67","0/0",0.026,"St. Lawerence North Shore (upper)",2.8170838880691,7.1,4.4
"2","Ouelle","QC-OU",2,"St. Lawerence North Shore (upper)","2004","adults",-69.75,47.75,39,0.843,0.834,"7.69/10.71","0/0",-0.011,"St. Lawerence North Shore (upper)",2.55604038174279,6.8,4
"3","Du Gouffre","QC-DG",3,"St. Lawerence North Shore (upper)","2004","adults",-69.75,47.75,48,0.822,0.844,"7.69/10.77","0/0",0.027,"St. Lawerence North Shore (upper)",2.55604038174279,5.9,3.2
"4","Malbaie","QC-MAL",4,"St. Lawerence North Shore (upper)","2004","adults",-69.75,47.75,50,0.876,0.859,"8.09/11.5","0.01/0",-0.021,"St. Lawerence North Shore (upper)",2.55604038174279,6.3,3.6
"5","Petit Saguenay","QC-PS",5,"St. Lawerence North Shore (upper)","2004","adults",-69.75,48.75,34,0.87,0.85,"7.91/11.15","0/0",-0.023,"St. Lawerence North Shore (upper)",1.84640315216357,4.9,2.3
"6","Sainte-Marguerite","QC-SM",6,"St. Lawerence North Shore (upper)","2004","adults",-68.75,48.75,36,0.862,0.856,"7.94/11.07","0.01/0",-0.007,"St. Lawerence North Shore (upper)",2.29820546300782,5.1,2.4
"7","Laval","QC-LA",7,"St. Lawerence North Shore (upper)","2004","adults",-68.75,48.75,50,0.845,0.837,"7.57/10.52","0/0",-0.009,"St. Lawerence North Shore (upper)",2.29820546300782,4.9,2.2
"8","Aux Anglais","QC-ANG",8,"St. Lawerence North Shore (lower)","2004","adults",-67.75,49.75,45,0.845,0.835,"7.31/10.04","0.01/0.01",-0.012,"St. Lawerence North Shore (lower)",1.15197878478354,3.6,0.9
"9","Godbout","QC-GO",9,"St. Lawerence North Shore (lower)","2004","adults",-66.75,49.75,50,0.834,0.841,"8.01/11.29","0.01/0",0.009,"St. Lawerence North Shore (lower)",1.42188228851336,4.1,1.5
"10","TrinitŽ","QC-TRI",10,"St. Lawerence North Shore (lower)","2004","adults",-66.75,49.75,50,0.828,0.85,"7.89/11.18","0.04/0.05",0.025,"St. Lawerence North Shore (lower)",1.42188228851336,4.3,1.8
"11","Aux Rochers","QC-ARO",11,"St. Lawerence North Shore (lower)","2004","adults",-65.75,49.75,50,0.852,0.877,"8.57/12.39","0.03/0.04",0.028,"St. Lawerence North Shore (lower)",1.88709515969383,3.9,1.3
"12","Natashquan","QC-NAT",12,"St. Lawerence North Shore (lower)","2004","adults",-60.75,50.75,50,0.846,0.858,"8.04/11.54","0.02/0.02",0.015,"St. Lawerence North Shore (lower)",2.00895322285822,3.7,1.4
"13","Moisie","QC-MOI",13,"St. Lawerence North Shore (lower)","2004","adults",-65.75,50.75,68,0.852,0.868,NA,NA,0.018,"St. Lawerence North Shore (lower)",-0.0697292453264881,3.8,1.3
"14","Aganus","QC-AG",14,"St. Lawerence North Shore (lower)","2004","adults",-61.75,50.75,48,0.841,0.864,"8.1/11.53","0.04/0.05",0.027,"St. Lawerence North Shore (lower)",1.55769591423698,3.4,1.2
"15","Saint-Jean (North Shore)","QC-SJQ8",15,"St. Lawerence North Shore (lower)","2004","adults",-63.75,50.75,50,0.84,0.869,"8.4/12.1","0/0",0.033,"St. Lawerence North Shore (lower)",0.449455306136229,3.6,1.2
"16","Watshishou","QC-WAT",16,"St. Lawerence North Shore (lower)","2004","adults",-61.75,50.75,42,0.858,0.843,"7.7/10.75","0.02/0",-0.018,"St. Lawerence North Shore (lower)",1.55769591423698,3.5,1.2
"17","Mitis","QC-MIT",17,"GaspŽsie","2004","adults",-67.75,48.75,49,0.884,0.87,"8.59/12.7","0.03/0.01",-0.015,"GaspŽsie",2.32047816625082,4.9,2.2
"18","Matane","QC-MAT",18,"GaspŽsie","2004","adults",-66.75,48.75,50,0.878,0.886,"8.8/12.87","0.04/0.05",0.009,"GaspŽsie",2.76440232616854,5.1,2.5
"19","Cap Chat","QC-CC",19,"GaspŽsie","2004","adults",-65.75,49.75,46,0.866,0.878,"8.86/12.94","0.01/0",0.013,"GaspŽsie",1.88709515969383,4.9,2.3
"20","Sainte-Anne","QC-SA",20,"GaspŽsie","2004","adults",-65.75,49.75,44,0.879,0.876,"8.73/12.78","0.01/0",-0.003,"GaspŽsie",1.88709515969383,4.5,2
"21","Madeleine","QC-MAD",21,"GaspŽsie","2004","adults",-64.75,49.75,49,0.875,0.876,"8.72/12.68","0.02/0.02",0.002,"GaspŽsie",2.46779403850746,4.7,2.3
"22","Dartmouth","QC-DA",22,"GaspŽsie","2004","adults",-63.75,48.75,50,0.862,0.857,"8.35/12.07","0.01/0.01",-0.006,"GaspŽsie",5.31603200110578,4.8,2.5
"23","York","QC-YO",23,"GaspŽsie","2004","adults",-63.75,48.75,50,0.839,0.866,"8.38/12.03","0.02/0.02",0.031,"GaspŽsie",5.31603200110578,4.8,2.4
"24","Saint-Jean (GaspŽsie)","QC-SJQ2",24,"GaspŽsie","2004","adults",-63.75,48.75,35,0.84,0.867,"8.61/12.51","0.03/0.02",0.031,"GaspŽsie",5.31603200110578,5.1,2.8
"25","Grand Pabos","QC-GP",25,"GaspŽsie","2004","adults",-63.75,48.75,44,0.833,0.848,"8.16/11.7","0/0",0.019,"GaspŽsie",5.31603200110578,6,3.6
"26","Bonaventure","QC-BO",26,"GaspŽsie","2004","adults",-64.75,48.75,50,0.865,0.865,"8.44/12.24","0.01/0.01",-0.001,"GaspŽsie",4.15930102749897,6.4,4
"27","Petite Cascapedia","QC-PCS",27,"GaspŽsie","2004","adults",-64.75,48.75,67,0.856,0.849,"7.91/11.37","0.01/0",-0.008,"GaspŽsie",4.15930102749897,6.6,4.1
"28","Grande Cascapedia","QC-CS",28,"GaspŽsie","2004","adults",-64.75,48.75,38,0.846,0.868,"8.37/11.96","0.02/0.01",0.025,"GaspŽsie",4.15930102749897,6,3.5
"29","Restigouche","NS-RES",32,"GaspŽsie","2004","adults",-65.75,47.75,34,0.859,0.874,"8.59/12.45","0.03/0.02",0.017,"GaspŽsie",4.11597042183895,5.2,2.6
"30","Causapscal1","QC-CAU",29,"GaspŽsie","2004","adults",-66.75,48.75,50,0.851,0.857,"8.11/11.58","0.02/0.02",0.008,"GaspŽsie",2.76440232616854,4.5,1.9
"31","Matapedia1","QC-MAP",30,"GaspŽsie","2004","adults",-65.75,47.75,50,0.875,0.874,"8.68/12.73","0.04/0.04",-0.001,"GaspŽsie",4.11597042183895,5.5,2.9
"32","Patapedia1","QC-PA",31,"GaspŽsie","2004","adults",-66.75,47.75,47,0.871,0.868,"8.32/11.86","0.01/0",-0.004,"GaspŽsie",3.43779379157905,4.5,1.9
"33","Little Main1","QC-RES-LM",33,"GaspŽsie","2004","adults",-66.75,47.75,58,0.839,0.869,"8.48/12.32","0.02/0.02",0.034,"GaspŽsie",3.43779379157905,5,2.4
"34","Upsalquitch 1*1","GU-UP",34,"GaspŽsie","2004","adults",-65.75,47.75,50,0.86,0.865,"8.6/12.52","0.04/0.03",0.006,"GaspŽsie",4.11597042183895,5.5,2.9
"35","Upsalquitch 2*1","QC-RES-Up",34,"GaspŽsie","2004","adults",-65.75,47.75,86,0.863,0.868,"8.22/11.73","0.02/0.01",0.006,"GaspŽsie",4.11597042183895,5.5,2.9
"36","Kedgwick1","NS-RKR",35,"GaspŽsie","2004","adults",-66.75,47.75,58,0.865,0.872,"8.5/12.25","0.02/0.01",0.008,"GaspŽsie",3.43779379157905,4.8,2.2
"37","Aux Saumons","QC-SU",36,"GaspŽsie (Anticosti)","2004","adults",-61.75,49.75,44,0.827,0.838,"7.79/11.24","0/0",0.013,"GaspŽsie (Anticosti)",3.7828648238835,4.4,2.2
"38","Chaloupe","QC-CH",37,"GaspŽsie (Anticosti)","2004","adults",-61.75,49.75,46,0.816,0.84,"7.93/11.44","0.03/0.04",0.029,"GaspŽsie (Anticosti)",3.7828648238835,4.9,2.8
"39","Jupiter","QC-JU",38,"GaspŽsie (Anticosti)","2004","adults",-62.75,49.75,50,0.833,0.85,"8.17/11.98","0/0",0.021,"GaspŽsie (Anticosti)",3.47671518520477,4.6,2.3
"40","Tabusintac","GU-TB",39,"Gulf of St. Lawrence","2010","adults",-64.75,47.75,50,0.861,0.865,"8.66/12.69","0.02/0.02",0.004,"Gulf of St. Lawrence",5.03744189636935,6.9,4.5
"41","Miramichi (Dungarvon) 2","GU-DUN",40,"Gulf of St. Lawrence","2010","adults",-65.75,46.75,50,0.877,0.862,"8.54/12.69","0.03/0.02",-0.018,"Gulf of St. Lawrence",4.74416095763691,5.7,3.2
"42","Miramichi (N.W. Barrier) 2","GU-NWB",41,"Gulf of St. Lawrence","2010","adults",-65.75,47.75,50,0.853,0.855,"8.38/12.18","0.07/0.1",0.002,"Gulf of St. Lawrence",4.11597042183895,5.1,2.5
"43","Miramichi (Little South West) 2","GU-LSW",42,"Gulf of St. Lawrence","2010","adults",-65.75,46.75,50,0.85,0.855,"8.32/11.95","0.02/0.01",0.006,"Gulf of St. Lawrence",4.74416095763691,5.3,2.8
"44","Miramichi (N.W.) 2","QC-MIR-Sop",43,"Gulf of St. Lawrence","2010","adults",-64.75,46.75,108,0.824,0.855,"8.58/12.69","0.05/0.04",0.026,"Gulf of St. Lawrence",5.59447328349576,7,4.5
"45","Miramichi (S.W.) 2","QC-MIR-SOm",44,"Gulf of St. Lawrence","2010","adults",-64.75,46.75,109,0.836,0.858,"8.58/12.69","0.03/0.02",0.037,"Gulf of St. Lawrence",5.59447328349576,7,4.5
"46","Miramichi (Clearwater) 2","GU-CLW",45,"Gulf of St. Lawrence","2010","adults",-65.75,46.75,50,0.864,0.868,"8.76/12.9","0.03/0.04",0.005,"Gulf of St. Lawrence",4.74416095763691,5.9,3.3
"47","Kouchibouguac","GU-KC",46,"Gulf of St. Lawrence","2010","parr",-64.75,46.75,33,0.86,0.854,"8.58/12.69","0.03/0.03",-0.007,"Gulf of St. Lawrence",5.59447328349576,7.3,4.9
"48","Kouchibouguacis","GU-KC6",47,"Gulf of St. Lawrence","2010","adults",-63.75,46.75,9,0.889,0.872,"8.68/NA","0.04/NA",-0.02,"Gulf of St. Lawrence",6.35418270240625,7.5,5.1
"49","Richibouctou","GU-RC",48,"Gulf of St. Lawrence","2010","adults",-63.75,46.75,20,0.84,0.865,"8.48/12.22","0.02/0.02",0.029,"Gulf of St. Lawrence",6.35418270240625,7.5,5.1
"50","Cocagne","GU-COC",49,"Gulf of St. Lawrence","2010","parr",-63.75,46.75,44,0.862,0.868,"8.42/12.09","0.07/0.1",0.006,"Gulf of St. Lawrence",6.35418270240625,7.7,5.3
"51","Phillip","GU-PH",50,"Gulf of St. Lawrence","2010","adults",-62.75,45.75,27,0.853,0.85,"8.55/12.47","0.04/0.06",-0.003,"Gulf of St. Lawrence",7.45117070379961,7.8,5.6
"52","Pictou East","GU-PE",51,"Gulf of St. Lawrence","2010","parr",-61.75,45.75,31,0.858,0.849,"8.24/11.72","0.06/0.08",-0.01,"Gulf of St. Lawrence",7.72654958572216,7.7,5.7
"53","Antigonish West","GU-ANW",52,"Gulf of St. Lawrence","2010","parr",-60.75,45.75,50,0.856,0.862,"8.4/12.04","0.01/0.01",0.007,"Gulf of St. Lawrence",8.10708206736784,7.8,5.9
"54","Salmon (Guysborough County)","NS-SAG",53,"Gulf of St. Lawrence","2010","parr",-60.75,45.75,30,0.795,0.825,"8.28/12","0.06/0.06",0.037,"Gulf of St. Lawrence",8.10708206736784,7.6,5.7
"55","Baddeck","NS-BAD",54,"Gulf of St. Lawrence","2010","parr",-59.75,46.75,52,0.828,0.837,"8.28/12.03","0.01/0.01",0.011,"Gulf of St. Lawrence",7.45539489783765,7.4,5.5
"56","North","NS-NRV",55,"Gulf of St. Lawrence","2006","parr",-59.75,46.75,73,0.812,0.818,"7.82/11.4","0.01/0",0.008,"Gulf of St. Lawrence",7.45539489783765,7.2,5.3
"57","Eskasoni","NS-ESK",56,"Gulf of St. Lawrence","2007","parr",-59.75,45.75,52,0.853,0.834,"7.71/10.78","0.03/0.02",-0.023,"Gulf of St. Lawrence",8.53032626705117,7.3,5.5
"58","North River (Aspy)","NS-NRA",57,"Gulf of St. Lawrence","2006","parr",-59.75,46.75,44,0.851,0.842,"8.27/11.99","0.01/0",-0.011,"Gulf of St. Lawrence",7.45539489783765,6,4.1
"59","Tobique","NS-TOB",58,"Gulf of St. Lawrence","2000 and 2001","parr",-66.75,46.75,84,0.858,0.847,"8.01/11.55","0.03/0.02",-0.013,"Gulf of St. Lawrence",4.10912891988184,6.5,3.9
"60","Nashwaak","NS-NSH",59,"Gulf of St. Lawrence","2000","parr",-65.75,45.75,70,0.841,0.867,"8.41/12.15","0.03/0.03",0.03,"Gulf of St. Lawrence",5.98032354621231,7.8,5.3
"61","Jacquet","GU-JT",60,"Gulf of St. Lawrence","2010","adults",-65.75,47.75,50,0.863,0.866,"8.7/12.94","0.04/0.04",0.003,"Gulf of St. Lawrence",4.11597042183895,6.2,3.7
"62","Mabou 1*","GU-MU",61,"Gulf of St. Lawrence","2010","parr",-60.75,46.75,50,0.813,0.834,"7.97/11.42","0/0",0.024,"Gulf of St. Lawrence",7.09287234277796,7.4,5.5
"63","Mabou 2*","NS-MAB",61,"Gulf of St. Lawrence","2006","parr",-60.75,46.75,80,0.833,0.849,"8.27/11.98","0.02/0.01",0.019,"Gulf of St. Lawrence",7.09287234277796,7.4,5.5
"64","Inhabitants","NS-INH",62,"Gulf of St. Lawrence","2010","parr",-60.75,45.75,53,0.828,0.826,"7.68/10.96","0.03/0.04",-0.002,"Gulf of St. Lawrence",8.10708206736784,7.9,6
"65","Margaree","NS-MRG",63,"Gulf of St. Lawrence","2001","parr",-60.75,46.75,49,0.875,0.865,"8.62/12.56","0.02/0.03",-0.011,"Gulf of St. Lawrence",7.09287234277796,7,5.1
"66","Middle","NS-MDV",64,"Gulf of St. Lawrence","2006","parr",-59.75,46.75,73,0.848,0.836,"8.39/12.28","0.01/0.01",-0.014,"Gulf of St. Lawrence",7.45539489783765,7.4,5.5
"67","Grand River","NS-GRA",149,"Gulf of St. Lawrence","2010","parr",-59.75,45.75,53,0.857,0.846,"8/11.5","0.02/0.02",-0.012,"Gulf of St. Lawrence",8.53032626705117,7.8,6
"68","Mill","GU-MIL",65,"Gulf of St. Lawrence","2010","parr",-63.75,46.75,32,0.816,0.8,"6.97/9.47","0.04/0.05",-0.019,"Gulf of St. Lawrence",6.35418270240625,7.4,5.1
"69","West","GU-WE",66,"Gulf of St. Lawrence","2010","parr",-62.75,46.75,37,0.808,0.812,"7.29/10.08","0.02/0.02",0.005,"Gulf of St. Lawrence",6.6487514074354,7.9,5.8
"70","Morell","GU-MOR",67,"Gulf of St. Lawrence","2010","parr",-61.75,46.75,50,0.816,0.837,"7.79/11.13","0.05/0.03",0.024,"Gulf of St. Lawrence",6.79501342035635,7.8,5.7
"71","Cross","GU-CRO",68,"Gulf of St. Lawrence (P.E.I.)","2010","parr",-61.75,46.75,30,0.822,0.791,"6.88/9.17","0.02/0",-0.039,"Gulf of St. Lawrence (P.E.I.)",6.79501342035635,7.7,5.6
"72","North Lake Creek","GU-NLC",69,"Gulf of St. Lawrence (P.E.I.)","2010","parr",-61.75,46.75,29,0.808,0.786,"6.5/8.83","0.01/0",-0.028,"Gulf of St. Lawrence (P.E.I.)",6.79501342035635,7.8,5.7
"73","Country Harbour","NS-COU",70,"Nova Scotia East Coast","2000","parr",-60.75,45.75,42,0.835,0.848,"8.04/11.21","0.05/0.08",0.016,"Nova Scotia East Coast",8.10708206736784,7.8,6
"74","St. Mary's (Nova Scotia)","NS-SMA",71,"Nova Scotia East Coast","2000","parr",-60.75,45.75,78,0.806,0.833,"8.17/11.8","0.04/0.04",0.032,"Nova Scotia East Coast",8.10708206736784,7.8,5.9
"75","St. Mary's East","NS-smE",72,"Nova Scotia East Coast","2007","parr",-61.75,45.75,59,0.827,0.824,"8.13/11.84","0.05/0.05",-0.003,"Nova Scotia East Coast",7.72654958572216,7.6,5.7
"76","St. Mary's West","NS-smW",73,"Nova Scotia East Coast","2007","parr",-61.75,45.75,41,0.769,0.812,"7.59/10.89","0.01/0.01",0.053,"Nova Scotia East Coast",7.72654958572216,7.6,5.7
"77","Moser","NS-MOS",74,"Nova Scotia East Coast","2000","parr",-61.75,44.75,58,0.82,0.808,"7.37/10.46","0.04/0.03",-0.015,"Nova Scotia East Coast",8.93183367023158,7.7,5.9
"78","Musquodobit","NS-MSQ",75,"Nova Scotia East Coast","2000","parr",-62.75,44.75,53,0.86,0.839,"7.55/10.42","0.05/0.04",-0.025,"Nova Scotia East Coast",8.60505179278164,8.2,6.2
"79","Gold","NS-GLD",76,"Nova Scotia East Coast","2001","parr",-63.75,44.75,84,0.804,0.828,"7.77/10.9","0.01/0.01",0.029,"Nova Scotia East Coast",8.06656869284699,8.4,6.4
"80","LaHave","NS-LAH",77,"Nova Scotia East Coast","2000","parr",-63.75,44.75,49,0.805,0.817,"7.5/10.63","0.02/0.03",0.015,"Nova Scotia East Coast",8.06656869284699,8.4,6.4
"81","Medway","NS-MED",78,"Nova Scotia East Coast","2001","parr",-63.75,44.75,83,0.82,0.822,"8.02/11.57","0.05/0.07",0.003,"Nova Scotia East Coast",8.06656869284699,8.2,6.3
"82","Salmon (Digby)","NS-SAD",79,"Nova Scotia East Coast","2000","parr",-65.75,44.75,44,0.803,0.792,"7.27/10.16","0.02/0.03",-0.013,"Nova Scotia East Coast",7.59919841608274,8.3,6.4
"83","Tusket","NS-TSK",80,"Nova Scotia East Coast","1999","parr",-64.75,43.75,60,0.852,0.832,"7.53/10.43","0.02/0.01",-0.024,"Nova Scotia East Coast",9.7459723158421,8.4,6.5
"84","St. Genevieve","NL-SGR",81,"Newfoundland","2009","parr",-55.75,51.75,50,0.848,0.851,"8.36/12.3","0.05/0.04",0.004,"Newfoundland",3.74642781097957,3.6,1.5
"85","Roses Feeder3","NL-ROF",82,"Newfoundland","2009","parr",-55.75,51.75,50,0.772,0.777,"7.13/10","0.05/0.05",0.006,"Newfoundland",3.74642781097957,3.4,1.4
"86","Beaver Brook","NL-BVB",83,"Newfoundland","2009","parr",-55.75,50.75,100,0.83,0.838,"7.97/11.58","0.05/0.06",0.009,"Newfoundland",4.20575847037916,3.7,1.7
"87","Big East","NL-BER",84,"Newfoundland","2009","parr",-56.75,50.75,100,0.861,0.86,"8.01/11.38","0.11/0.11",-0.001,"Newfoundland",3.63618148371991,4.6,2.5
"88","River Of Ponds","NL-ROP",85,"Newfoundland","2009","parr",-56.75,50.75,100,0.853,0.858,"8.25/11.83","0.06/0.07",0.006,"Newfoundland",3.63618148371991,4.7,2.5
"89","Western Arm","NL-WAB",86,"Newfoundland","2009","parr",-55.75,51.75,100,0.843,0.853,"8.35/12.36","0.02/0.02",0.012,"Newfoundland",3.74642781097957,3.7,1.6
"90","Main River (Sops Arm)","NL-MNR",87,"Newfoundland","2010","parr",-55.75,49.75,100,0.864,0.865,"8.38/12.23","0.04/0.04",0.001,"Newfoundland",4.42346377743408,4.9,2.8
"91","Taylors Brook4","NL-TYB",88,"Newfoundland","2009","parr",-56.75,49.75,50,0.867,0.866,"8.23/11.57","0/0",-0.001,"Newfoundland",4.05797564227544,4.9,2.8
"92","Dead Water Brook4","NL-DWB",90,"Newfoundland","2009","parr",-56.75,49.75,50,0.831,0.815,"7.24/9.76","0.02/0.01",-0.019,"Newfoundland",4.05797564227544,5.5,3.4
"93","Lomond","NL-LOM",89,"Newfoundland","2009","parr",-56.75,49.75,100,0.829,0.829,"7.61/10.57","0/0",0.001,"Newfoundland",4.05797564227544,5.2,3.1
"94","Campbellton","NL-CMP",91,"Newfoundland","2009","parr",-53.75,49.75,50,0.863,0.851,"8.37/12.22","0.08/0.12",-0.014,"Newfoundland",5.63730605769256,6.1,4.2
"95","Indian Arm Brook","NL-IAB",92,"Newfoundland","2009","parr",-53.75,49.75,50,0.838,0.85,"7.89/11.04","0.06/0.08",0.013,"Newfoundland",5.63730605769256,6.1,4.2
"96","Indian Bay Brook","NL-IBB",93,"Newfoundland","2009","parr",-52.75,49.75,100,0.822,0.836,"7.82/11.31","0.03/0.03",0.017,"Newfoundland",6.00000407518294,6,4.2
"97","Salmon River (Gander)5","NL-SRN",95,"Newfoundland","2009","parr",-53.75,48.75,50,0.843,0.852,"7.86/11.23","0.03/0.03",0.01,"Newfoundland",6.1326389033687,6.4,4.5
"98","Soulis Brook5","NL-GSB",99,"Newfoundland","2009","parr",-53.75,48.75,49,0.85,0.853,"8.04/11.24","0/0",0.004,"Newfoundland",6.1326389033687,6.2,4.4
"99","Exploits Rocky Brook","NL-RBR",94,"Newfoundland","2009","parr",-54.75,49.75,50,0.854,0.862,"8.26/12","0.03/0.02",0.009,"Newfoundland",5.09768682548689,6.5,4.5
"100","Badger Brook6","NL-BBR",96,"Newfoundland","2009","parr",-55.75,48.75,50,0.858,0.85,"8.31/11.98","0.03/0.02",-0.009,"Newfoundland",4.96667273704843,5.9,3.9
"101","Junction Br*6","NL-JUB",97,"Newfoundland","2009","parr",-55.75,48.75,50,0.844,0.841,"8.11/11.69","0.03/0.01",-0.003,"Newfoundland",4.96667273704843,5.9,3.9
"102","Little Junction*6","NL-LJB",97,"Newfoundland","2009","parr",-55.75,48.75,50,0.874,0.859,"8.4/12.2","0.02/0.02",-0.018,"Newfoundland",4.96667273704843,5.9,3.9
"103","Great Rattling Brook6","NL-GRB",98,"Newfoundland","2010","parr",-54.75,48.75,100,0.842,0.849,"8.37/12.21","0.02/0.02",0.009,"Newfoundland",5.62479910729871,6.5,4.6
"104","Pinchgut Brook7","NL-PGB",100,"Newfoundland","2009","parr",-57.75,48.75,50,0.828,0.827,"7.53/10.59","0.01/0.01",-0.001,"Newfoundland",5.00046358584408,5.4,3.5
"105","Black Duck Brook7","NL-BDB",102,"Newfoundland","2009","parr",-57.75,48.75,50,0.868,0.85,"7.87/11.09","0.05/0.06",-0.021,"Newfoundland",5.00046358584408,5.9,4
"106","Terra Nova","NL-TNR",101,"Newfoundland","2009","parr",-53.75,48.75,100,0.855,0.869,"8.59/12.69","0.04/0.05",0.016,"Newfoundland",6.1326389033687,6.4,4.7
"107","Flat Bay Brook","NL-FLB",103,"Newfoundland","2009","parr",-57.75,48.75,99,0.871,0.86,"8.01/11.35","0.03/0.04",-0.013,"Newfoundland",5.00046358584408,6.4,4.5
"108","Middle Barachois","NL-MBA",104,"Newfoundland","2009","parr",-57.75,48.75,99,0.864,0.854,"7.9/11.14","0.04/0.07",-0.012,"Newfoundland",5.00046358584408,6.1,4.3
"109","Pipers Hole","NL-PHR",105,"Newfoundland","2009","parr",-53.75,47.75,70,0.859,0.869,"8.65/12.92","0.14/0.14",0.013,"Newfoundland",6.75593240658246,6.1,4.3
"110","Conne","NL-CNR",106,"Newfoundland","2010","parr",-54.75,47.75,100,0.823,0.829,"7.83/11.2","0.04/0.03",0.008,"Newfoundland",6.550671627651,6.2,4.4
"111","Grand Codroy River","NL-COD",107,"Newfoundland","2009","parr",-58.75,47.75,98,0.856,0.872,"8.49/12.2","0.04/0.04",0.019,"Newfoundland",6.48498413740254,5.1,3.2
"112","Long Harbour","NL-LHR",108,"Newfoundland","2008","parr",-53.75,47.75,100,0.855,0.844,"7.91/11.51","0.06/0.04",-0.013,"Newfoundland",6.75593240658246,6.1,4.4
"113","La Poile","NL-LPR",109,"Newfoundland","2008","parr",-57.75,47.75,100,0.867,0.869,"8.49/12.24","0.03/0.02",0.002,"Newfoundland",6.36364078818115,5.5,3.7
"114","White Bear","NL-WBR",110,"Newfoundland","2008","parr",-56.75,47.75,100,0.865,0.859,"8.37/12.2","0.03/0.02",-0.006,"Newfoundland",6.26199727444763,5.5,3.7
"115","Bay Du Nord","NL-BDN",111,"Newfoundland","2008","parr",-54.75,47.75,100,0.877,0.861,"8.29/12.07","0.05/0.04",-0.019,"Newfoundland",6.550671627651,6.3,4.5
"116","Grey","NL-GRR",112,"Newfoundland","2008","parr",-56.75,47.75,100,0.872,0.872,"8.65/12.67","0.04/0.05",0,"Newfoundland",6.26199727444763,5.3,3.5
"117","Musquaro","QC-MUQ",113,"Labrador","2004","adults",-60.75,50.75,50,0.838,0.822,"7/9.64","0/0",-0.02,"Labrador",2.00895322285822,3.5,1.3
"118","Etamamiou","QC-ET",114,"Labrador","2004","adults",-58.75,50.75,48,0.817,0.848,"7.69/10.84","0.01/0",0.037,"Labrador",3.06774494240768,3.8,1.6
"119","Corneille","QC-COR",115,"Labrador","2004","adults",-61.75,50.75,60,0.818,0.827,"7.2/10.05","0.03/0.04",0.01,"Labrador",1.55769591423698,3.6,1.3
"120","Gros MŽcatina","QC-MEC",116,"Labrador","2004","adults",-58.75,50.75,50,0.83,0.837,"7.48/10.28","0.02/0.02",0.009,"Labrador",3.06774494240768,3.4,1.2
"121","Napetipi","QC-NAP",117,"Labrador","2004","adults",-57.75,51.75,50,0.799,0.844,"7.95/11.23","0.07/0.08",0.054,"Labrador",2.17437464864155,3.3,1.1
"122","Vieux Fort","QC-VF",118,"Labrador","2004","adults",-57.75,51.75,49,0.846,0.854,"8.06/11.5","0.01/0",0.009,"Labrador",2.17437464864155,3.3,1.1
"123","Saint-Paul","QC-SPQ",119,"Labrador","2004","adults",-56.75,51.75,53,0.805,0.838,"7.99/11.5","0.03/0.03",0.039,"Labrador",2.94252121170556,3,0.8
"124","Pinware","NL-PIN",120,"Labrador","2010","parr",-55.75,51.75,100,0.857,0.862,"8.49/12.26","0.04/0.03",0.006,"Labrador",3.74642781097957,2.5,0.4
"125","St. Mary's (NFLD)","NL-SMR",121,"Labrador","2010","parr",-54.75,52.75,100,0.886,0.865,"8.39/12.02","0.03/0.02",-0.024,"Labrador",4.16897899410077,2.3,0.3
"126","Alexis","NL-ALX",122,"Labrador","2009","parr",-55.75,52.75,81,0.845,0.857,"8.62/12.65","0.08/0.09",0.014,"Labrador",3.30824819877032,1.8,-0.2
"127","South West Brook","QC-SW",123,"Labrador","2004","adults",-56.75,53.75,57,0.761,0.779,"6.37/8.69","0/0",0.024,"Labrador",2.32736608728853,1.6,-0.6
"128","Kennamu","NL-KEN",124,"Labrador","2009","parr",-58.75,53.75,41,0.863,0.856,"8.19/11.5","0.03/0.05",-0.008,"Labrador",-0.0852814853021175,2.3,-0.2
"129","Eagle","QC-EAG",125,"Labrador","2004","adults",-56.75,53.75,57,0.831,0.859,"8.42/12.24","0.05/0.08",0.033,"Labrador",2.32736608728853,1.4,-0.7
"130","Sand Hill (NFLD)*","NL-SAN",126,"Labrador","2010","parr",-55.75,53.75,100,0.848,0.865,"8.6/12.58","0.04/0.03",0.019,"Labrador",3.33454311274162,1.7,-0.2
"131","Sand Hill (QuŽbec)*","QC-SHR",126,"Labrador","2004","adults",-55.75,53.75,50,0.839,0.86,"8.6/12.56","0.02/0.01",0.025,"Labrador",3.33454311274162,1.7,-0.2
"132","Muddy Bay","QC-MBB",127,"Labrador","2004","adults",-56.75,53.75,55,0.813,0.835,"7.6/10.44","0.04/0.03",0.026,"Labrador",2.32736608728853,1.4,-0.7
"133","Red Wine","NL-RWR",128,"Labrador","2009","parr",-60.75,53.75,41,0.857,0.864,"8.43/12.08","0.06/0.06",0.009,"Labrador",-1.04139641789734,0.7,-1.8
"134","Big","NL-BIG",129,"Labrador","2009","parr",-57.75,54.75,94,0.862,0.866,"8.36/12.01","0.07/0.06",0.005,"Labrador",1.89351874910116,1.4,-0.9
"135","English","NL-ENG",130,"Labrador","2010","parr",-58.75,54.75,99,0.82,0.823,"7.35/10.12","0.01/0.01",0.005,"Labrador",0.913875717935364,1,-1.5
"136","Hunt","NL-HUR",131,"Labrador","2009","parr & smolt",-59.75,55.75,28,0.844,0.859,"7.89/11.17","0.02/0.03",0.017,"Labrador",0.370487490454235,0.1,-2.4
"137","George","QC-GE",132,"Ungava","2004","adults",-65.75,58.75,48,0.825,0.829,"7.58/NA","0.05/NA",0.004,"Ungava",-4.4928573580252,-2.5,-5.5
"138","Koksoak","QC-KO",133,"Ungava","2004","adults",-67.75,58.75,50,0.837,0.843,"7.88/11.05","0/0",0.008,"Ungava",-4.54361933966716,-2.6,-5.7
"139","Aux Feuilles","QC-AF",134,"Ungava","2004","adults",-69.75,58.75,50,0.807,0.8,"6.88/9.46","0.01/0",-0.009,"Ungava",-6.07462398727953,-3.1,-6.3
"140","Round Hill","NS-ROH",135,"Inner Bay of Fundy","2003","parr",-64.75,44.75,28,0.726,0.674,"4.98/6.5","0/0",-0.077,"Inner Bay of Fundy",7.92541915419623,8.4,6.3
"141","Gaspereau","NS-GAK",136,"Inner Bay of Fundy","2001","parr",-63.75,45.75,66,0.789,0.803,"6.88/9.17","0/0",0.018,"Inner Bay of Fundy",6.95642913456746,8.3,6.2
"142","Stewiacke","NS-STW",137,"Inner Bay of Fundy","2001","parr",-62.75,45.75,82,0.797,0.8,"6.9/9.69","0.01/0.01",0.004,"Inner Bay of Fundy",7.45117070379961,8.2,6.1
"143","Economy","NS-ECO",138,"Inner Bay of Fundy","2001","parr",-62.75,45.75,30,0.855,0.701,"4.85/6.12","0/0",-0.22,"Inner Bay of Fundy",7.45117070379961,7.7,5.5
"144","Great Village","NS-GRV",139,"Inner Bay of Fundy","2001","parr",-62.75,45.75,37,0.818,0.809,"7.08/9.86","0.02/0",-0.011,"Inner Bay of Fundy",7.45117070379961,7.8,5.7
"145","Big Salmon","NS-BSR",140,"Inner Bay of Fundy","2000","parr",-64.75,45.75,81,0.831,0.83,"7.47/10.45","0.01/0",-0.001,"Inner Bay of Fundy",6.57820184864523,7.5,5.2
"146","Point Wolfe","NS-PWF",141,"Inner Bay of Fundy","2002","parr or smolt",-64.75,45.75,46,0.844,0.808,"7.03/9.63","0.02/0.01",-0.045,"Inner Bay of Fundy",6.57820184864523,7.1,4.9
"147","Upper Salmon","NS-USR",142,"Inner Bay of Fundy","2001","parr",-63.75,45.75,55,0.809,0.8,"6.9/9.46","0.05/0.07",-0.012,"Inner Bay of Fundy",6.95642913456746,7.5,5.2
"148","Northeast Brook Trepassey","NL-NBT",143,"Avalon","2010","parr",-52.75,46.75,95,0.706,0.701,"5.35/7.19","0.1/0.12",-0.006,"Avalon",7.73086314323934,6.1,4.5
"149","Grand Bank Brook","NL-GBB",144,"Avalon","2009","parr",-54.75,47.75,100,0.837,0.846,"7.57/10.56","0.04/0.02",0.011,"Avalon",6.550671627651,6.8,5.2
"150","Salmonier","NL-SLR",145,"Avalon","2008","parr",-52.75,47.75,100,0.811,0.86,"8.29/12.05","0.12/0.1",0.058,"Avalon",7.00556428917593,6.3,4.7
"151","Rocky River","NL-RKR",146,"Avalon","2010","parr",-52.75,47.75,100,0.832,0.843,"8.1/11.72","0.07/0.08",0.013,"Avalon",7.00556428917593,6.6,5
"152","Garnish","NL-GAR",147,"Avalon","2009","parr",-54.75,47.75,100,0.849,0.841,"7.58/10.49","0.05/0.02",-0.008,"Avalon",6.550671627651,6.7,5
"153","Penobscot","US-PEN",148,"USA","2000 and 2001","adults",-67.75,44.75,100,0.821,0.833,"7.91/11.41","0.15/0.18",0.014,"USA",6.85525072921115,9.2,6.8
